,by,descendants,id,kids,score,time,title,type,url,text
0,imbnwa,20.0,39883328,"[39884123, 39884040, 39883952, 39884246, 39883883, 39883864, 39883887]",80,1711885269,Shutting down the letsblock.it project and its official instance,story,https://github.com/letsblockit/letsblockit/discussions/663,
1,jxmorris12,11.0,39883949,"[39884187, 39884313]",21,1711890720,How to graduate your PhD when you have no hope,story,https://huiwenn.github.io/feynman,
2,talonx,73.0,39882018,"[39883218, 39883297, 39882768, 39883939, 39883821, 39883899, 39884026, 39883276, 39882996, 39882885, 39883347, 39883429, 39883377, 39883205, 39883360, 39882755, 39882842, 39883078, 39883081, 39882908, 39883167, 39882784, 39883075, 39883361, 39883634, 39882848, 39883178, 39883180]",208,1711867943,Guess My RGB,story,https://susam.net/myrgb.html,
3,benoitmalige,2.0,39884004,"[39884298, 39884176]",12,1711891310,The Illusion of Being Stuck,story,https://the-simulation-strategists.beehiiv.com/p/being-stuck,
4,whb101,7.0,39883487,"[39884140, 39884139, 39883521, 39883556]",18,1711886553,"Zoomable Circles, a Svelte component for hierarchical data",story,https://www.npmjs.com/package/svelte-zoomable-circles,
5,transpute,186.0,39879710,"[39882619, 39882405, 39882935, 39882814, 39884105, 39883842, 39884204, 39882521, 39884120, 39883272, 39882811, 39884003, 39880157, 39882197, 39884013, 39882721, 39882476, 39882663, 39882863, 39883292, 39883210, 39882516, 39882625, 39884024, 39883000, 39883173, 39880791]",328,1711841690,Xz: A Microcosm of the interactions in Open Source projects,story,https://robmensching.com/blog/posts/2024/03/30/a-microcosm-of-the-interactions-in-open-source-projects/,
6,fanf2,1.0,39883072,[39884156],37,1711881724,How Read-Intensive is The Kernel's Use of RCU?,story,https://paulmck.livejournal.com/67547.html,
7,wordhydrogen,90.0,39881962,"[39881963, 39883535, 39882391, 39882328, 39883067, 39882323, 39882407, 39883612, 39882601, 39882409, 39883185, 39883030, 39882285, 39882699, 39882410, 39882411, 39883584, 39882453, 39882334, 39882478, 39883303]",287,1711866971,Meta's Onavo VPN removed SSL encryption of competitor's analytics traffic,story,https://www.documentcloud.org/documents/24520332-merged-fb,
8,g0xA52A2A,0.0,39873756,,33,1711797265,Linear Algebra of Types (2019),story,https://www.philipzucker.com/linear-algebra-of-types/,
9,thih9,28.0,39883747,"[39883801, 39884142, 39883987, 39884249, 39883876, 39884165, 39884164, 39884220, 39884037, 39884019, 39884082, 39884188, 39884134]",64,1711888954,"Tell HN: Reddit now blocks VPN access via browser, 'old' subdomain included",story,,"I&#x27;m unable to access reddit via browser when using VPN. I see an error message both on regular &#x27;reddit.com&#x27;, as well as &#x27;old.reddit.com&#x27; subdomain.<p>This is new develompent. They started blocking VPN access on their regular website three months ago[1], but back then &#x27;old&#x27; subdomain still worked; today it no longer does.<p>I&#x27;m testing with desktop Safari and NordVPN from EU; curious if others are seeing similar results.<p>[1]: I posted about it here: https:&#x2F;&#x2F;news.ycombinator.com&#x2F;item?id=38666028"
10,hiAndrewQuinn,7.0,39882810,"[39884242, 39884297, 39884229, 39883322, 39884259, 39884228]",10,1711878500,The unreasonable effectiveness of VMs in hacker pedagogy,story,https://hiandrewquinn.github.io/til-site/posts/the-unreasonable-effectiveness-of-vms-in-hacker-pedagogy/,
11,liambigelow,53.0,39882873,"[39884275, 39884270, 39883935, 39883869, 39883611, 39883838, 39883920, 39882897, 39883688, 39883839, 39883302, 39883619, 39883107, 39884039, 39883337, 39883867, 39883171, 39883189]",58,1711879106,"Show HN: Truncate, a word-based strategy game",story,https://truncate.town/,"Truncate is a chess flavoured word game that blends spatial reasoning and wordplay. In puzzle mode, you beat back your NPC opponent&#x27;s words and take over their territory.<p>Truncate started as a pen and paper game between a friend and I, evolved into a handmade board game, and finally arrived at an online puzzle game. Like any good word game, there is of course a daily mode, shareable with the tried and true grid of emojis<p>We&#x27;ve been playtesting it with friends and family for a few months, which has helped iron out the tutorials and gameplay, and we&#x27;re finally happy with an MVP worth sharing!<p>Technical deets: The client and server are written in Rust, with the visuals built using egui (as an experiment in Rust&#x27;s GUI ecosystem).<p>We&#x27;d love any feedback!"
12,ecliptik,43.0,39878681,"[39878833, 39883570, 39880392, 39879030, 39882762, 39880029, 39881774, 39879891, 39882164, 39878808]",346,1711832896,Xz/liblzma: Bash-stage Obfuscation Explained,story,https://gynvael.coldwind.pl/?lang=en&id=782,
13,wilshiredetroit,31.0,39879496,"[39883849, 39882005, 39883138, 39883696, 39883132, 39881848]",82,1711839459,Mathematician Who Made Sense of the Universe's Randomness Wins Math's Top Prize,story,https://www.smithsonianmag.com/smart-news/mathematician-who-made-sense-of-the-universes-randomness-wins-maths-top-prize-180984020/,
14,bschmidt1,8.0,39881758,"[39884030, 39883219, 39882650]",44,1711863795,Show HN: Ragdoll Studio (fka Arthas.AI) is the FOSS alternative to character.ai,story,https://ragdoll-studio.vercel.app/,
15,tison,18.0,39881980,"[39883992, 39882819, 39883658, 39883026, 39882595, 39883590]",77,1711867315,Layout of Rust's u128 and i128 changed,story,https://blog.rust-lang.org/2024/03/30/i128-layout-update.html,
16,velyan,32.0,39883005,"[39884312, 39884279, 39884315, 39884209, 39884295, 39884280, 39884041, 39884130, 39884258, 39884253, 39884213, 39884283, 39884272, 39884268, 39884127, 39884132, 39883583, 39884185, 39884077, 39883623, 39884046, 39884133, 39884085, 39884050, 39884104, 39884125, 39883243, 39883809]",24,1711880979,Ask HN: What Are You Learning?,story,,Curious what other people are learning these days
17,dhx,230.0,39874404,"[39874406, 39880057, 39880804, 39881632, 39875417, 39883193, 39879726, 39875140, 39880740, 39879905, 39879879, 39882364, 39875482, 39875710, 39875363, 39875696, 39882137, 39875128, 39882538, 39874687, 39874778, 39883318]",418,1711803363,Xz: Can you spot the single character that disabled Linux landlock?,story,https://git.tukaani.org/?p=xz.git;a=blobdiff;f=CMakeLists.txt;h=d2b1af7ab0ab759b6805ced3dff2555e2a4b3f8e;hp=76700591059711e3a4da5b45cf58474dac4e12a7;hb=328c52da8a2bbb81307644efdb58db2c422d9ba7;hpb=eb8ad59e9bab32a8d655796afd39597ea6dcc64d,
18,geox,3.0,39883668,[39884128],18,1711888264,Silicon spikes take out 96% of virus particles,story,https://www.rmit.edu.au/news/all-news/2024/mar/silicon-nanospikes,
19,smcin,71.0,39881135,"[39881136, 39881553, 39881289, 39881573, 39882243, 39882725, 39881893]",116,1711855763,How the California forest that was Endor in 'Return of the Jedi' was obliterated (2022),story,https://www.sfgate.com/streaming/article/What-happened-to-Endor-from-Star-Wars-17145105.php,
20,junon,667.0,39877267,"[39877312, 39878872, 39881018, 39883063, 39878947, 39880261, 39883121, 39880433, 39877698, 39882268, 39878188, 39879487, 39877929, 39879090, 39877763, 39882432, 39880139, 39877790, 39881523, 39878762, 39878714, 39879877, 39880945, 39878124, 39877673, 39880435, 39879872, 39880339, 39879847, 39880973, 39879494, 39881184, 39879423, 39882073, 39879349, 39880613, 39877710, 39879976, 39877490, 39881009, 39879302, 39878754, 39878019, 39879559, 39877716, 39880212, 39880307, 39880016, 39877740, 39877302, 39878924, 39881400, 39880678, 39880289, 39879669, 39880273, 39880812, 39880228]",1133,1711822758,"XZ backdoor: ""It's RCE, not auth bypass, and gated/unreplayable.""",story,https://bsky.app/profile/filippo.abyssdomain.expert/post/3kowjkx2njy2b,
21,tosh,5.0,39883555,"[39884021, 39884216, 39884067]",8,1711887205,What is a coder's worst nightmare? (2016),story,https://www.quora.com/What-is-a-coders-worst-nightmare,
22,todsacerdoti,0.0,39881915,,8,1711866296,"A Kinematically Coupled, Nanometer-Resolution Piezo Focus Stage",story,https://www.bunniestudios.com/blog/?p=7066,
23,ingve,190.0,39873692,"[39875715, 39875880, 39884311, 39875707, 39875637, 39876838, 39877880, 39879495, 39878417, 39875604, 39879846, 39877236, 39875767, 39876413, 39875965, 39875936, 39875686, 39875411, 39883124, 39878747, 39875528, 39877314]",344,1711796634,Garbage collection for systems programmers (2023),story,https://bitbashing.io/gc-for-systems-programmers.html,
24,morenatron,11.0,39882455,"[39882456, 39884054]",30,1711873423,How Google fights Invidious (a privacy YouTube Front end),story,https://github.com/iv-org/invidious/issues/4498,
25,sea-gold,0.0,39880807,,15,1711852209,Specmatic: transform API specs into executable contracts,story,https://github.com/znsio/specmatic,
26,nvader,231.0,39877730,"[39878203, 39883048, 39884194, 39878195, 39878260, 39882961, 39878454, 39878649, 39882581, 39878380, 39878342, 39878902, 39878251, 39882072, 39878198, 39878131, 39882241, 39881526, 39882255, 39881238, 39879474, 39882080, 39878299, 39879974, 39878784, 39878662, 39878580, 39878779, 39882502, 39880704, 39883641, 39881958, 39878816, 39878968, 39878193, 39879300, 39879150, 39878489, 39878792, 39879206, 39881901, 39878473, 39878371, 39881688, 39878311, 39879329, 39878802, 39881971, 39878719, 39878687, 39878392, 39878474, 39878263, 39880366, 39878503, 39878590, 39878332, 39878575]",415,1711826213,Roll-Invert-Unroll: An easier way to replace a duvet cover,story,https://danverbraganza.com/writings/an-easier-way-to-replace-a-duvet-cover,
27,unnervingduck,39.0,39881705,"[39884269, 39882664, 39883650, 39882716, 39882413, 39884089, 39883353, 39882326, 39883757, 39882748, 39882666, 39882632, 39883735, 39882835]",77,1711862972,World Backup Day,story,https://www.worldbackupday.com/en,
28,tatersolid,113.0,39875822,"[39879203, 39876219, 39879597, 39877486, 39876363, 39878103, 39876690, 39881050, 39881548, 39881399, 39876312, 39879451, 39878044, 39876421, 39876438, 39876450]",229,1711812898,"About the Tailscale.com outage on March 7, 2024",story,https://tailscale.com/blog/tls-outage-20240307,
29,codezero,26.0,39876817,"[39883158, 39881856, 39877222, 39877754, 39877175, 39881293, 39877162, 39877378]",132,1711820003,An unusual 7400-series chip implemented with a gate array,story,https://www.righto.com/2024/03/idt-gate-array.html,
30,blegh,63.0,39877949,"[39881383, 39880127, 39881784, 39882525, 39880713]",146,1711827852,Toni Morrison's Rejection Letters,story,https://lareviewofbooks.org/article/there-is-no-point-in-my-being-other-than-honest-with-you-on-toni-morrisons-rejection-letters/,
31,andsoitis,2.0,39880913,[39883187],13,1711853360,Light and Infrared Radiation (2018),story,https://ehs.lbl.gov/resource/documents/radiation-protection/non-ionizing-radiation/light-and-infrared-radiation/#,
32,tjs8rj,,39876517,,1,1711818009,Hadrius (YC W23) – Founding Engineer for fastest growing compliance software,job,https://www.ycombinator.com/companies/hadrius/jobs/1z3APsX-founding-engineer,
33,andreyk,42.0,39876114,"[39877117, 39878061, 39877180, 39877052, 39877735, 39878212, 39880910, 39878054, 39876658]",153,1711814693,Mamba Explained,story,https://thegradient.pub/mamba-explained/,
34,akyuu,12.0,39879414,"[39880077, 39881605, 39880203]",114,1711838664,Significant performance and correctness improvements to the kernel,story,https://www.redox-os.org/news/kernel-10/,
35,triska,74.0,39873272,"[39874367, 39873670, 39874170, 39873564, 39874794, 39873542, 39877778, 39875349, 39875942, 39873531, 39873497, 39874270, 39874828]",201,1711791413,Prolog language for PostgreSQL proof of concept,story,https://github.com/tatut/pgprolog,
36,jamespwilliams,4.0,39879325,"[39882380, 39883632, 39879326]",21,1711837884,Xz.git: Fix Linux Landlock Feature Test in Autotools,story,https://git.tukaani.org/?p=xz.git;a=commitdiff;h=328c52da8a2bbb81307644efdb58db2c422d9ba7,
37,lucasoshiro,54.0,39877637,"[39881322, 39878807, 39880472, 39878613, 39883903, 39879482, 39883730, 39880554, 39881253, 39878686, 39880879, 39878168]",178,1711825521,Git as a debugging tool,story,https://lucasoshiro.github.io/posts-en/2023-02-13-git-debug/,
38,omnibrain,275.0,39874931,"[39877578, 39877123, 39878862, 39875089, 39883965, 39877067, 39883964, 39882922, 39882853, 39882918, 39876603, 39877105, 39878121, 39878086, 39883656, 39878506, 39876602, 39877841, 39877536, 39883131, 39876605, 39882735, 39883013, 39882894, 39882142, 39879397, 39880186, 39879520, 39877489, 39876686, 39879763, 39877477, 39878005, 39879642, 39881048, 39876637, 39876629, 39880385, 39877522, 39876856, 39878353, 39877366, 39880335, 39879199, 39877131, 39880948, 39880072, 39881200, 39878497, 39877237, 39877373, 39877316, 39879595, 39883332, 39879215, 39877271, 39879412, 39878980, 39877150, 39877948, 39879747, 39880027, 39876071, 39876705, 39877820, 39877439]",451,1711807005,IrfanView,story,https://www.irfanview.com/,
39,rgbimbochamp,82.0,39877276,"[39877848, 39877660, 39878452, 39877627, 39877635, 39877480, 39878433, 39881783, 39877782, 39877836, 39877644, 39878155, 39877586, 39877852, 39880138, 39877678, 39877871, 39877424]",136,1711822835,Kolmogorov Complexity and Compression Distance (2023),story,https://smunshi.net/kolmogorov-complexity-and-compression-distance.html,
40,nsoonhui,23.0,39872236,"[39877693, 39877888, 39875293, 39882047, 39876182, 39876434, 39878441, 39876180, 39877461, 39880642, 39876932, 39876653]",130,1711778492,When will the eclipse happen? A multimillennium tale of computation,story,https://writings.stephenwolfram.com/2024/03/when-exactly-will-the-eclipse-happen-a-multimillennium-tale-of-computation/,
41,simonw,47.0,39877391,"[39883909, 39878316, 39879941, 39878347, 39879438, 39878832, 39879209, 39881907, 39878087, 39879166, 39880637, 39881555, 39883313, 39880092, 39878256, 39879955, 39879660, 39882226]",257,1711823591,Running OCR against PDFs and images directly in the browser,story,https://simonwillison.net/2024/Mar/30/ocr-pdfs-images/,
42,yamrzou,1.0,39879828,[39881574],8,1711842686,How to graduate your PhD when you have no hope,story,https://huiwenn.github.io/feynman,
43,rbanffy,3.0,39873633,"[39883404, 39873667, 39882297]",25,1711796078,8BitDo's $100 wireless mechanical keyboard is a tribute to Commodore 64,story,https://arstechnica.com/gadgets/2024/03/8bitdos-100-wireless-mechanical-keyboard-is-a-tribute-to-commodore-64/,
44,ksec,3.0,39882006,"[39883951, 39883553, 39883861]",11,1711867735,Paying for Cloud Storage is Stupid [video],story,https://www.youtube.com/watch?v=QsM6b5yix0U,
45,flyaway123,56.0,39880152,"[39881638, 39881287, 39881957, 39880813, 39880491, 39880481, 39881290, 39880789, 39880869, 39880555, 39882583, 39880783, 39881460, 39881165, 39881496, 39880468, 39880559, 39880677]",87,1711845247,Nvidia Is Simulating a Copy of the Earth,story,https://futurism.com/the-byte/nvidia-simulating-copy-earth,
46,osdotsystem,3.0,39882174,[39883398],14,1711869805,"Python for Everyday, Everyone, Everywhere",story,https://leanpub.com/python-everyday,
47,hubraumhugo,26.0,39881918,"[39882626, 39882278, 39882265, 39882860, 39883342, 39883316, 39882756, 39883358]",34,1711866351,Eternal September,story,https://en.wikipedia.org/wiki/Eternal_September,
48,vo2maxer,0.0,39881914,[39883674],8,1711866284,Rongorongo Script of Easter Island,story,https://twitter.com/incunabula/status/1773923149781893496,
49,mooreds,95.0,39875473,"[39876425, 39876698, 39876722, 39876863, 39876328, 39876513, 39876353, 39881262, 39878206, 39876334, 39881806, 39881035, 39877181, 39877076, 39877847, 39876409, 39879267, 39877550, 39877651, 39877583, 39881796, 39878031, 39877285, 39876300, 39876396, 39877595]",122,1711810671,"DeWitt and Stonebraker's ""MapReduce: A major step backwards"" (2009)",story,http://craig-henderson.blogspot.com/2009/11/dewitt-and-stonebrakers-mapreduce-major.html,
50,voisin,99.0,39877077,"[39881263, 39880887, 39879005, 39882740, 39883231, 39881291, 39878508, 39882295, 39882606, 39882015, 39879777, 39879585, 39881660, 39877950, 39878946, 39879119, 39878884, 39880346]",112,1711821591,The Canadian government's plan to plant two billion trees,story,https://www.cbc.ca/newsinteractives/features/two-billion-trees,
51,homarp,150.0,39849644,"[39870848, 39867775, 39867259, 39866387, 39869371, 39866963, 39868993, 39875134, 39866842, 39866175, 39865855, 39871418, 39866756, 39866020, 39871975, 39867470, 39867998, 39866517, 39866135]",332,1711623514,Towards 1-bit Machine Learning Models,story,https://mobiusml.github.io/1bit_blog/,
52,vwoolf,3.0,39879364,[39883732],7,1711838243,"Government of the NIMBY, for the NIMBY, by the NIMBY",story,https://www.viewfromcullingworth.com/p/government-of-the-nimby-for-the-nimby,
53,zoklet-enjoyer,13.0,39876676,"[39881925, 39879129, 39878404, 39881516, 39876677]",50,1711819086,Unlocking the NES (For Former Dawn) (2022),story,https://somethingnerdy.com/unlocking-the-nes-for-former-dawn/,
54,yorwba,168.0,39879432,"[39881835, 39880725, 39881770, 39880648, 39880755, 39881095, 39880340, 39880568, 39881880, 39880480, 39880563, 39880893, 39882769, 39881639, 39881840, 39880817, 39881683, 39881146, 39880546, 39881178, 39880864, 39883679, 39880730, 39882096, 39881450, 39881744, 39881530, 39881225]",229,1711838783,Notes on El Salvador,story,https://mattlakeman.org/2024/03/30/notes-on-el-salvador/,
55,thunderbong,4.0,39881684,[39883567],8,1711862689,Smart TV is snooping on you. How to limit the personal data it gathers,story,https://www.zdnet.com/home-and-office/home-entertainment/your-smart-tv-is-snooping-on-you-heres-how-to-limit-the-personal-data-it-gathers/,
56,sea-gold,6.0,39877532,"[39882236, 39883427, 39882717, 39883344]",29,1711824576,Bacon – a background Rust code checker,story,https://dystroy.org/bacon/,
57,neom,11.0,39872804,"[39875462, 39875365, 39877671, 39881648, 39875261, 39878666, 39876253, 39877941, 39878063]",82,1711785655,Tom's Essay (2008),story,https://archive.nytimes.com/opinionator.blogs.nytimes.com/2008/09/23/toms-essay/,
58,libcheet,42.0,39872848,"[39875046, 39874486, 39873968]",88,1711786137,From scratch OpenGL and shaders with raw Xlib,story,https://hereket.com/posts/x11_window_with_shaders/,
59,AngelOnFira,14.0,39876804,"[39879261, 39879466, 39878090, 39883439, 39879253, 39881297, 39878331]",169,1711819890,"Veloren, an open source game, release 0.16",story,https://veloren.net/blog/release-0-16/,
60,luu,3.0,39877374,"[39880805, 39881898]",12,1711823478,Feeds Are Not Fit for Gardening,story,https://v5.chriskrycho.com/essays/feeds-are-not-fit-for-gardening/,
61,gascoigne,273.0,39850340,"[39871912, 39865377, 39872557, 39871394, 39866123, 39866095, 39869299, 39866118, 39880907, 39877658, 39865957, 39871051, 39866644, 39866449, 39871088, 39870452, 39869910, 39871723, 39870197, 39870101, 39869243, 39868702, 39871516]",222,1711628527,Mazda’s rotary engine in the age of the electric car,story,https://www.nippon.com/en/in-depth/d00956/,
62,west0n,42.0,39870929,"[39871458, 39872559, 39873940, 39870931, 39873023, 39879917, 39872562, 39871909, 39878982, 39871651, 39875019, 39874266, 39873066, 39882520]",140,1711761674,Full-scale file system acceleration on GPU [pdf],story,https://dl.gi.de/server/api/core/bitstreams/7c7a8830-fd81-4e56-8507-cd4809020660/content,
63,jdkee,31.0,39877960,"[39882181, 39881709, 39881862, 39880442, 39881221, 39879986, 39879821]",106,1711827895,Models all the way down,story,https://knowingmachines.org/models-all-the-way,
64,ulrischa,2.0,39872671,"[39883536, 39882687]",20,1711784015,The Mojo Programming Language,story,https://github.com/modularml/mojo,
65,EndXA,128.0,39858750,"[39859655, 39859125, 39863206, 39859776, 39860603, 39859760, 39863935, 39859016, 39859141, 39860578, 39873498, 39875268, 39860785, 39865667, 39858947, 39867979, 39860419, 39859643, 39868928, 39858918, 39860895, 39862500, 39860089, 39859509, 39859007, 39859845, 39863091, 39860187, 39862377, 39860418, 39858976, 39861473]",453,1711668749,Doom Captcha (2021),story,https://vivirenremoto.github.io/doomcaptcha/,
66,yuppiepuppie,4.0,39881989,"[39882451, 39882887, 39882898, 39882900]",16,1711867431,Kilroy Was Here,story,https://en.wikipedia.org/wiki/Kilroy_was_here,
67,keepamovin,55.0,39866325,"[39870882, 39867794, 39868799, 39882912, 39867273, 39867100, 39869152, 39866867, 39867706, 39870863, 39868114, 39871796, 39868446]",177,1711731607,Overlay networks based on WebRTC,story,https://github.com/pojntfx/weron,
68,rrampage,60.0,39848221,"[39870351, 39870948, 39876456, 39859743, 39871164, 39872341, 39871306, 39876657, 39877794, 39870015]",155,1711606380,Linux ext2 filesystem driver now marked as deprecated,story,https://bootlin.com/blog/ext2-filesystem-driver-now-marked-as-deprecated/,
69,redbell,7.0,39881934,"[39883204, 39882974]",9,1711866566,It's 1994 and you Startup a Windows 3.11 Computer [video],story,https://www.youtube.com/watch?v=CwHGjT3CC-A,
70,rkta,1695.0,39865810,"[39866275, 39866551, 39867258, 39872887, 39866305, 39866307, 39866611, 39869942, 39866073, 39874942, 39868682, 39866721, 39874234, 39866263, 39867593, 39868843, 39873017, 39872984, 39866102, 39866296, 39873194, 39868864, 39866771, 39871081, 39868372, 39866894, 39866130, 39883544, 39866311, 39866477, 39870954, 39866955, 39874777, 39868494, 39872175, 39870842, 39867335, 39873260, 39869088, 39868230, 39876647, 39868158, 39870152, 39868756, 39867009, 39873725, 39866168, 39870555, 39870083, 39872827, 39866105, 39875924, 39866068, 39869118, 39870757, 39866421, 39872043, 39870837, 39866119, 39870113, 39870526, 39867428, 39873221, 39869343, 39867798, 39866881, 39872762, 39866170, 39867097, 39868239, 39866039, 39866655, 39869796, 39867464, 39866510, 39882076, 39867973, 39869459, 39869350, 39880331, 39871360, 39876130, 39878329, 39871496, 39872314, 39866163, 39868377, 39875645, 39866482, 39866076, 39872615, 39869663, 39869716, 39868821, 39868169, 39866092, 39868157, 39871702, 39870151, 39871246, 39872129, 39869755, 39873314, 39873410, 39871958, 39867405, 39868074, 39867427, 39867182, 39873292, 39876553, 39883403, 39873151, 39868939, 39869146, 39868948, 39871923, 39876563, 39869975, 39873259, 39873089, 39872338, 39874954, 39867095, 39867289, 39873010, 39869956, 39871044, 39866016, 39874197, 39873231, 39878157, 39870535, 39872647, 39869547, 39873919, 39876027, 39873108, 39870598, 39866044, 39872020, 39866319, 39868931, 39875919, 39868454, 39869228, 39867051, 39867807, 39870998, 39866297, 39874289, 39870524, 39880606, 39870208, 39873971, 39872282, 39871278, 39872308, 39874669, 39867380, 39866037, 39869272, 39874664, 39867713, 39868264, 39873098, 39871319, 39872257, 39868751, 39872302, 39868412, 39868362, 39868483, 39868462, 39866326, 39868773, 39867937, 39866960, 39871229, 39871299, 39868563, 39871172, 39878161, 39870068, 39869528, 39869010, 39868800, 39874089, 39875716, 39870174, 39869153]",4356,1711729010,Backdoor in upstream xz/liblzma leading to SSH server compromise,story,https://www.openwall.com/lists/oss-security/2024/03/29/4,
71,tobwen,25.0,39878367,"[39884336, 39884232, 39880733, 39883710, 39879526, 39880267, 39880130, 39880926, 39881798, 39883859, 39880326, 39880263]",35,1711830807,Ask HN: Why are there no no-name inkjet printers?,story,,"TL;DR
Are there any DIY or &quot;asia clones&quot; of injekt printers that can compete with cheap branded products?<p>For years, users have bemoaned the seemingly planned obsolescence built into inkjet printers by major manufacturers. They struggle with questionable universal ink formulations (which might destroy the printer header) and resort to illicit maintenance programs to reset (waste) ink tank counters.<p>Replacing components is either impossible or involves such high labor or part costs (printer head) that it results in a total loss. The European Union has responded indirectly with a repairability mandate. However, simply being repairable doesn&#x27;t address the potential for spare parts to have built-in expiration dates.<p>I realize that millions are spent on development and the devices are financed by inks and spare parts - but today you can get even laser and 3D printers with highly complex mechanics for comparatively little money.<p>Does anyone know of equivalent alternatives to the major providers? I&#x27;m not talking about &quot;fine art&quot;, but normal home-use stuff."
72,janandonly,3.0,39874204,"[39882839, 39883858, 39879363]",39,1711801769,Midnight Commander,story,https://midnight-commander.org/,
73,philena,126.0,39867757,"[39868087, 39874468, 39870677, 39868458, 39868059, 39873750, 39868056, 39871936, 39869373, 39868736, 39874408, 39868827, 39868936, 39871442, 39871980, 39868210, 39871372, 39870592, 39874934, 39868070, 39869822, 39871951, 39868914, 39869974, 39874312, 39869225, 39875513, 39867964, 39874521, 39883371, 39872313, 39872417, 39875701, 39870119, 39871316, 39870459]",142,1711739044,Launch HN: Lumona (YC W24) – Product search based on Reddit and YouTube reviews,story,,"Hey HN! We are Lumona (<a href=""https:&#x2F;&#x2F;lumona.ai"">https:&#x2F;&#x2F;lumona.ai</a>), a product search engine that recommends products based on what people on social media—Reddit and YouTube, for now—are saying about them.<p>Rather than going through SEO-filled Google results or adding site:reddit.com to your search, we explain what makes a good product, show you the best products, and back it up with Reddit and YouTube reviews about the product. We’re starting with skincare products (more on that below) and plan to expand from there.<p>Here’s a demo: <a href=""https:&#x2F;&#x2F;www.youtube.com&#x2F;watch?v=C4kKjW2YkZ4&amp;lc=Ugzl94GP9SDBOvqA2Dd4AaABAg"" rel=""nofollow"">https:&#x2F;&#x2F;www.youtube.com&#x2F;watch?v=C4kKjW2YkZ4&amp;lc=Ugzl94GP9SDBO...</a><p>We started off with skincare because, growing up, we struggled with acne but had no clue what skincare products could actually help us. Going down the rabbit hole of endlessly scrolling r&#x2F;SkincareAddiction and watching countless hours of videos about cystic acne was not fun.<p>Lumona’s skincare search index was built by first scraping the internet for listings of skincare products, along with their ingredient lists, through a combination of SERP, Amazon’s API, and web page crawling. We then use a fine-tuned Mistral LLM to parse through a large number of Reddit threads and YouTube transcripts to extract opinions made by users, along with the context in which the opinions were made. These opinions are then matched with any relevant products through another fine-tuned LLM that looks at an opinion and any products that have a high cosine similarity as that of the opinion’s subject and decides whether that opinion is relevant to any of those products. Using a Mistral-7B FT trained on GPT-4 outputs allowed us to parse through hundreds of thousands of Reddit threads in a simple way with just hundreds of dollars of compute.<p>If your query relates to a specific situation (e.g. “cleansers for my son who has inflamed acne on his forehead”), we search semantically through the opinions of Redditors and YouTubers to retrieve the products recommended by those who have dealt with a similar situation. If your query relates to a specific product (e.g. “iunik centella gel”), we instead go through the product listings themselves to return you the relevant products.<p>We also use an LLM to analyze your search query to tell you what ingredients or effects are preferable for your skin concern.For example, if you searched for “inflamed forehead acne”, properties like “Oil-Control” and “Azelaic Acid” which are good for dealing with inflamed acne would be  explained to you, and results containing those properties would be  boosted and tagged in our results. You can also try out searches like “korean cleansers under $20 with Cica” to filter for certain ingredients and price points.<p>While we think we’ve built a product search that would be pretty helpful for our teenage (and current!) selves, there are many improvements we’d like to make, such as getting opinions from Tiktok and other social media platforms and making our opinion extraction process more robust for edge cases (e.g. by using OCR, video transcription tools). We’re also planning on allowing our users to upload their own reviews and content and to expand our search across more products.<p>The long-term potential is to be a go-to product for anyone looking for what other people think about anything subjective (products, restaurants, b2b products, vacation planning, etc.). We believe that the entire discovery experience can be revolutionized by making it as easy as searching on Google to find out what the people you care about think about something. On the individual level, we want to make sharing your opinions with your friends and the world as easy as posting a picture on Instagram.<p>For now, if you have any skincare needs, whether it be to solve a skin concern, get rid of an annoying pimple, or just to find a good sunscreen, please give us a try: <a href=""https:&#x2F;&#x2F;lumona.ai"">https:&#x2F;&#x2F;lumona.ai</a> (We are an Amazon and Stylevana affiliate.)<p>We’d love to hear your feedback on our search engine, whether that be how the skincare search performs, what you think is missing, what products you want to see there, or any technical suggestions!"
74,ptx,12.0,39876131,"[39878106, 39877656, 39877859, 39877388]",54,1711814817,Landlock: Unprivileged Access Control,story,https://docs.kernel.org/userspace-api/landlock.html,
75,kungfudoi,14.0,39879117,"[39879617, 39879851]",26,1711836219,SpaceX's Gwynne Shotwell on the future of space travel [video],story,https://www.youtube.com/watch?v=PqUoBaO7mzM,
76,schmonz,41.0,39878317,"[39881993, 39878318, 39879235, 39881217, 39879446, 39881658, 39878904, 39881071, 39878888, 39882212, 39878849, 39879724, 39879011, 39879224, 39878839, 39879271, 39878854]",115,1711830542,NetBSD 10.0 Released,story,https://www.netbsd.org/releases/formal-10/NetBSD-10.0.html,
77,atomlib,55.0,39883123,"[39883283, 39883273, 39883341, 39883488, 39883340, 39883431, 39883703, 39883736, 39883413, 39883727, 39883432, 39883433, 39883716, 39883326, 39883333, 39883232, 39883565, 39883280, 39883422, 39883479]",53,1711882459,Cognition Labs Seeks $2B Valuation,story,https://www.wsj.com/tech/ai/a-peter-thiel-backed-ai-startup-cognition-labs-seeks-2-billion-valuation-998fa39d,
78,nradov,87.0,39877395,"[39879704, 39879401, 39879107, 39879604, 39879243, 39879039, 39879334, 39879759, 39882384, 39880320, 39879353, 39879283, 39879467, 39879205, 39880278, 39879540, 39879796, 39879436, 39879162, 39879368, 39879049, 39878961, 39880373, 39879554, 39879377, 39881610, 39880180, 39879458, 39881576, 39879902, 39881093, 39881092, 39880393, 39879483, 39879155, 39879034, 39879589]",90,1711823595,Popular songs are simpler and more repetitive than they used to be,story,https://www.science.org/content/article/popular-songs-are-simpler-and-more-repetitive-they-used-be,
79,mathgenius,181.0,39859801,"[39865351, 39860423, 39861155, 39862123, 39861191, 39860690, 39860399, 39862270, 39862073, 39865277, 39865372, 39862016, 39862288, 39860764, 39861235, 39865606, 39866236, 39863987, 39861096, 39861448, 39868781, 39861464, 39863779, 39860800, 39864339, 39867210, 39869353, 39863713, 39861837, 39864259, 39867604, 39860601, 39861344, 39860195, 39861043]",214,1711677793,Math writing is dull when it neglects the human dimension,story,https://golem.ph.utexas.edu/category/2024/03/why_mathematics_is_boring_1.html,
80,signa11,3.0,39871913,"[39876237, 39875558]",76,1711774185,Bpfman: An eBPF Manager,story,https://bpfman.io/main/,
81,Stratoscope,1.0,39872406,[39882352],13,1711780938,The Roller Ship Was Not an Effective Way to Cross the High Seas,story,https://hackaday.com/2024/03/27/the-roller-ship-was-not-an-effective-way-to-cross-the-high-seas/,
82,peutetre,3.0,39879372,"[39881909, 39880649]",18,1711838342,Meet three people who may see the world differently than you do,story,https://www.cbc.ca/natureofthings/features/meet-three-people-who-may-see-the-world-completely-differently-than-you-do,
83,jyunwai,21.0,39876417,"[39880693, 39880469, 39881296, 39884278, 39880699, 39881791]",50,1711817254,Black Holes Are Even Weirder Than You Imagined,story,https://www.newyorker.com/science/elements/black-holes-are-even-weirder-than-you-imagined,
84,mistrial9,27.0,39874712,"[39875078, 39876188, 39881996, 39880410, 39876764, 39877221, 39876777, 39879472, 39880884]",31,1711805658,New Calif Highway Surveillance Uses More Than Cameras,story,https://www.mercurynews.com/2024/03/29/new-batch-of-surveillance-cameras-will-watch-roadways-in-oakland-state-highways-across-east-bay/,
85,dragonbonheur,0.0,39881129,,5,1711855670,Can a Xilinx FPGA recreate a 1990s Quake-capable 3D card? Yup Meet the FuryGpu,story,https://www.theregister.com/2024/03/30/furygpu_xilinx_fpga_graphics/,
86,archargelod,29.0,39860365,"[39861382, 39865363, 39861480, 39861657, 39862905, 39861581, 39873827]",210,1711682767,Arraymancer – Deep learning Nim library,story,https://github.com/mratsim/Arraymancer,
87,bookofjoe,0.0,39878556,,21,1711832076,"Heimdall ""Magic Ball"" Increases Transmission Line Capacity",story,https://cleantechnica.com/2024/03/22/heimdall-magic-ball-increases-transmission-line-capacity/,
88,benbreen,21.0,39848126,"[39859668, 39868528, 39869267, 39867589, 39871475, 39867459, 39866786]",40,1711604798,The Call of the Weird,story,https://www.lrb.co.uk/the-paper/v46/n07/michael-ledger-lomas/the-call-of-the-weird,
89,ron_87,39.0,39868254,"[39870189, 39870307, 39870851, 39875125, 39868977, 39869338, 39869306, 39870653, 39871087, 39868943]",75,1711741791,EEG channels with low-cost PiEEG device,story,https://pieeg.com/,
90,fosterfriends,146.0,39874583,"[39874912, 39875244, 39875318, 39874949, 39875422, 39875017, 39875202, 39874976, 39875638, 39876120, 39875076, 39876894, 39875570, 39875705, 39876718, 39875778, 39876066, 39875274, 39878012, 39875524, 39877523, 39881376, 39878160, 39876006, 39877826, 39875179, 39876694, 39875930, 39881413, 39877865, 39876043, 39876089, 39876886, 39879198, 39877721, 39875925, 39876024, 39875142]",170,1711804692,How GitHub replaced SourceForge as the dominant code hosting platform,story,https://graphite.dev/blog/github-monopoly-on-code-hosting,
91,goranmoomin,14.0,39866111,"[39871549, 39870800, 39869912, 39873676, 39871575]",112,1711730567,"Awk as a major systems programming language, revisited (2018)",story,http://www.skeeve.com/awk-sys-prog.html,
92,Brajeshwar,180.0,39850972,"[39854064, 39854042, 39859194, 39856117, 39877598, 39860636, 39863674, 39853646, 39856309, 39856418, 39853632, 39854737, 39854604, 39854031, 39854807, 39856718, 39860291, 39853648, 39854660, 39854446, 39856734, 39854878, 39854006, 39853862, 39855070]",319,1711631887,UV-K5 is the most hackable handheld ham radio yet,story,https://spectrum.ieee.org/quansheng-uv-k5-hacking,
93,ingve,110.0,39873169,"[39873505, 39875314, 39873963, 39874857, 39875066, 39875335, 39881981, 39874549, 39877681, 39873421, 39873697, 39874223, 39881786, 39873522, 39878601, 39878734, 39874803, 39876070, 39874842]",119,1711790063,Some notes on Firefox’s media autoplay settings in practice as of Firefox 124,story,https://utcc.utoronto.ca/~cks/space/blog/web/FirefoxMediaAutoplaySettingsIV,
94,mooreds,0.0,39875488,"[39876587, 39876118]",12,1711810778,Engaging with Developers on Hacker News with Dan Moore [video],story,https://redmonk.com/videos/a-redmonk-conversation-engaging-with-developers-on-hacker-news-with-dan-moore/,
95,eduardoleao052,88.0,39858219,"[39862615, 39859491, 39858220, 39859828, 39864253, 39858626, 39859663, 39861937, 39869973, 39859287, 39858779, 39859035, 39861020, 39859182, 39869751, 39858953, 39871879, 39858594, 39858618]",279,1711665339,Deep Learning in JavaScript,story,https://github.com/eduardoleao052/js-torch,
96,list,156.0,39847943,"[39851629, 39849929, 39871684, 39866857, 39851128, 39867712, 39866870, 39851016, 39866648, 39872731, 39850995, 39867048, 39869487, 39849730, 39850083]",104,1711602105,Why quantum entanglement doesn't allow faster-than-light communication (2016),story,https://www.forbes.com/sites/chadorzel/2016/05/04/the-real-reasons-quantum-entanglement-doesnt-allow-faster-than-light-communication/,
97,mooreds,82.0,39878938,"[39883120, 39879771, 39879289, 39883392, 39883476, 39883720, 39879934, 39882163, 39880594, 39879580, 39881879, 39879970, 39883277, 39879249, 39881691, 39879612, 39880310, 39879310, 39879476]",132,1711834729,The jobs being replaced by AI – an analysis of 5M freelancing jobs,story,https://bloomberry.com/i-analyzed-5m-freelancing-jobs-to-see-what-jobs-are-being-replaced-by-ai/,
98,PaulHoule,97.0,39878758,"[39880056, 39879958, 39880215, 39880413]",87,1711833479,Why Ireland's housing bubble burst,story,https://worksinprogress.co/issue/why-irelands-housing-bubble-burst/,
99,bubblehack3r,80.0,39853958,"[39855430, 39855435, 39856785, 39855262, 39855349, 39855292, 39856306, 39857436, 39856729, 39859550, 39859563, 39865397, 39860678, 39856221, 39858710, 39855135, 39861541, 39856816, 39856462, 39855241, 39859138, 39857341, 39855179]",340,1711643816,Jamba: Production-grade Mamba-based AI model,story,https://www.maginative.com/article/ai21-labs-unveils-jamba-the-first-production-grade-mamba-based-ai-model/,
